0, 0, Header, 0, 1, 480
1, 0, Start_track
1, 0, Title_t, "Midi Drums"
1, 0, Instrument_name_t, "Brooklyn"
1, 0, Time_signature, 4, 2, 24, 8
1, 0, Key_signature, 0, "major"
1, 0, SMPTE_offset, 33, 0, 0, 0, 0
1, 0, Tempo, 1000000
1, 0, Control_c, 9, 4, 90
1, 0, Note_on_c, 9, 36, 39
1, 0, Note_on_c, 9, 42, 87
1, 49, Note_off_c, 9, 36, 64
1, 49, Note_off_c, 9, 42, 64
1, 100, Control_c, 9, 4, 90
1, 100, Note_on_c, 9, 42, 29
1, 148, Note_off_c, 9, 42, 64
1, 217, Control_c, 9, 4, 90
1, 217, Note_on_c, 9, 42, 59
1, 265, Note_off_c, 9, 42, 64
1, 324, Note_on_c, 9, 36, 24
1, 333, Control_c, 9, 4, 90
1, 333, Note_on_c, 9, 42, 37
1, 373, Note_off_c, 9, 36, 64
1, 382, Note_off_c, 9, 42, 64
1, 452, Note_on_c, 9, 37, 88
1, 455, Control_c, 9, 4, 90
1, 455, Note_on_c, 9, 42, 96
1, 500, Note_off_c, 9, 37, 64
1, 504, Note_off_c, 9, 42, 64
1, 569, Control_c, 9, 4, 90
1, 569, Note_on_c, 9, 42, 12
1, 617, Note_off_c, 9, 42, 64
1, 697, Control_c, 9, 4, 90
1, 697, Note_on_c, 9, 42, 68
1, 745, Note_off_c, 9, 42, 64
1, 819, Control_c, 9, 4, 90
1, 819, Note_on_c, 9, 42, 18
1, 867, Note_off_c, 9, 42, 64
1, 936, Control_c, 9, 4, 90
1, 936, Note_on_c, 9, 42, 84
1, 985, Note_off_c, 9, 42, 64
1, 1055, Note_on_c, 9, 36, 30
1, 1056, Control_c, 9, 4, 90
1, 1056, Note_on_c, 9, 42, 29
1, 1103, Note_off_c, 9, 36, 64
1, 1105, Note_off_c, 9, 42, 64
1, 1178, Control_c, 9, 4, 90
1, 1178, Note_on_c, 9, 42, 94
1, 1183, Note_on_c, 9, 36, 31
1, 1226, Note_off_c, 9, 42, 64
1, 1232, Note_off_c, 9, 36, 64
1, 1291, Control_c, 9, 4, 90
1, 1291, Note_on_c, 9, 42, 29
1, 1340, Note_off_c, 9, 42, 64
1, 1421, Note_on_c, 9, 38, 79
1, 1427, Control_c, 9, 4, 90
1, 1427, Note_on_c, 9, 42, 104
1, 1470, Note_off_c, 9, 38, 64
1, 1476, Note_off_c, 9, 42, 64
1, 1541, Note_on_c, 9, 36, 24
1, 1544, Control_c, 9, 4, 90
1, 1544, Note_on_c, 9, 42, 19
1, 1590, Note_off_c, 9, 36, 64
1, 1593, Note_off_c, 9, 42, 64
1, 1668, Control_c, 9, 4, 90
1, 1668, Note_on_c, 9, 42, 104
1, 1716, Note_off_c, 9, 42, 64
1, 1781, Note_on_c, 9, 36, 17
1, 1791, Control_c, 9, 4, 90
1, 1791, Note_on_c, 9, 42, 7
1, 1829, Note_off_c, 9, 36, 64
1, 1839, Note_off_c, 9, 42, 64
1, 1903, Note_on_c, 9, 36, 33
1, 1913, Control_c, 9, 4, 90
1, 1913, Note_on_c, 9, 42, 92
1, 1952, Note_off_c, 9, 36, 64
1, 1961, Note_off_c, 9, 42, 64
1, 2025, Control_c, 9, 4, 90
1, 2025, Note_on_c, 9, 42, 13
1, 2074, Note_off_c, 9, 42, 64
1, 2147, Control_c, 9, 4, 90
1, 2147, Note_on_c, 9, 42, 43
1, 2196, Note_off_c, 9, 42, 64
1, 2258, Note_on_c, 9, 36, 27
1, 2264, Control_c, 9, 4, 90
1, 2264, Note_on_c, 9, 42, 16
1, 2306, Note_off_c, 9, 36, 64
1, 2312, Note_off_c, 9, 42, 64
1, 2384, Note_on_c, 9, 38, 88
1, 2385, Control_c, 9, 4, 90
1, 2385, Note_on_c, 9, 42, 96
1, 2432, Note_off_c, 9, 38, 64
1, 2434, Note_off_c, 9, 42, 64
1, 2498, Control_c, 9, 4, 90
1, 2498, Note_on_c, 9, 42, 9
1, 2546, Note_off_c, 9, 42, 64
1, 2621, Control_c, 9, 4, 90
1, 2621, Note_on_c, 9, 42, 48
1, 2669, Note_off_c, 9, 42, 64
1, 2742, Control_c, 9, 4, 90
1, 2742, Note_on_c, 9, 42, 27
1, 2791, Note_off_c, 9, 42, 64
1, 2868, Control_c, 9, 4, 90
1, 2868, Note_on_c, 9, 42, 96
1, 2916, Note_off_c, 9, 42, 64
1, 2983, Control_c, 9, 4, 90
1, 2983, Note_on_c, 9, 42, 7
1, 2986, Note_on_c, 9, 36, 27
1, 3032, Note_off_c, 9, 42, 64
1, 3034, Note_off_c, 9, 36, 64
1, 3099, Control_c, 9, 4, 90
1, 3099, Note_on_c, 9, 42, 68
1, 3105, Note_on_c, 9, 36, 30
1, 3148, Note_off_c, 9, 42, 64
1, 3154, Note_off_c, 9, 36, 64
1, 3221, Control_c, 9, 4, 90
1, 3221, Note_on_c, 9, 42, 7
1, 3269, Note_off_c, 9, 42, 64
1, 3351, Note_on_c, 9, 38, 86
1, 3355, Control_c, 9, 4, 90
1, 3355, Note_on_c, 9, 42, 93
1, 3400, Note_off_c, 9, 38, 64
1, 3404, Note_off_c, 9, 42, 64
1, 3474, Note_on_c, 9, 36, 27
1, 3522, Note_off_c, 9, 36, 64
1, 3603, Control_c, 9, 4, 90
1, 3603, Note_on_c, 9, 42, 91
1, 3652, Note_off_c, 9, 42, 64
1, 3709, Note_on_c, 9, 36, 21
1, 3731, Control_c, 9, 4, 90
1, 3731, Note_on_c, 9, 42, 35
1, 3757, Note_off_c, 9, 36, 64
1, 3780, Note_off_c, 9, 42, 64
1, 3851, Control_c, 9, 4, 90
1, 3851, Note_on_c, 9, 36, 37
1, 3851, Note_on_c, 9, 42, 108
1, 3900, Note_off_c, 9, 36, 64
1, 3900, Note_off_c, 9, 42, 64
1, 3961, Control_c, 9, 4, 90
1, 3961, Note_on_c, 9, 42, 20
1, 4009, Note_off_c, 9, 42, 64
1, 4078, Control_c, 9, 4, 90
1, 4078, Note_on_c, 9, 42, 57
1, 4127, Note_off_c, 9, 42, 64
1, 4183, Note_on_c, 9, 36, 24
1, 4192, Control_c, 9, 4, 90
1, 4192, Note_on_c, 9, 42, 21
1, 4232, Note_off_c, 9, 36, 64
1, 4241, Note_off_c, 9, 42, 64
1, 4315, Note_on_c, 9, 38, 100
1, 4319, Control_c, 9, 4, 90
1, 4319, Note_on_c, 9, 42, 104
1, 4364, Note_off_c, 9, 38, 64
1, 4367, Note_off_c, 9, 42, 64
1, 4432, Control_c, 9, 4, 90
1, 4432, Note_on_c, 9, 42, 36
1, 4481, Note_off_c, 9, 42, 64
1, 4545, Control_c, 9, 4, 90
1, 4545, Note_on_c, 9, 42, 53
1, 4594, Note_off_c, 9, 42, 64
1, 4666, Control_c, 9, 4, 90
1, 4666, Note_on_c, 9, 42, 110
1, 4715, Note_off_c, 9, 42, 64
1, 4791, Control_c, 9, 4, 90
1, 4791, Note_on_c, 9, 42, 21
1, 4839, Note_off_c, 9, 42, 64
1, 4892, Control_c, 9, 4, 90
1, 4892, Note_on_c, 9, 42, 50
1, 4940, Note_off_c, 9, 42, 64
1, 5016, Control_c, 9, 4, 90
1, 5016, Note_on_c, 9, 42, 89
1, 5064, Note_off_c, 9, 42, 64
1, 5127, Control_c, 9, 4, 90
1, 5127, Note_on_c, 9, 42, 29
1, 5176, Note_off_c, 9, 42, 64
1, 5253, Control_c, 9, 4, 90
1, 5253, Note_on_c, 9, 38, 90
1, 5253, Note_on_c, 9, 42, 97
1, 5301, Note_off_c, 9, 38, 64
1, 5302, Note_off_c, 9, 42, 64
1, 5371, Control_c, 9, 4, 90
1, 5371, Note_on_c, 9, 42, 37
1, 5420, Note_off_c, 9, 42, 64
1, 5490, Control_c, 9, 4, 90
1, 5490, Note_on_c, 9, 42, 90
1, 5539, Note_off_c, 9, 42, 64
1, 5612, Control_c, 9, 4, 90
1, 5612, Note_on_c, 9, 42, 9
1, 5615, Note_on_c, 9, 36, 24
1, 5661, Note_off_c, 9, 42, 64
1, 5664, Note_off_c, 9, 36, 64
1, 5731, Note_on_c, 9, 36, 28
1, 5734, Control_c, 9, 4, 90
1, 5734, Note_on_c, 9, 42, 92
1, 5780, Note_off_c, 9, 36, 64
1, 5782, Note_off_c, 9, 42, 64
1, 5853, Control_c, 9, 4, 90
1, 5853, Note_on_c, 9, 42, 33
1, 5902, Note_off_c, 9, 42, 64
1, 5971, Control_c, 9, 4, 90
1, 5971, Note_on_c, 9, 42, 67
1, 6020, Note_off_c, 9, 42, 64
1, 6088, Control_c, 9, 4, 90
1, 6088, Note_on_c, 9, 42, 19
1, 6092, Note_on_c, 9, 36, 19
1, 6137, Note_off_c, 9, 42, 64
1, 6141, Note_off_c, 9, 36, 64
1, 6224, Control_c, 9, 4, 90
1, 6224, Note_on_c, 9, 38, 90
1, 6224, Note_on_c, 9, 42, 99
1, 6272, Note_off_c, 9, 38, 64
1, 6272, Note_off_c, 9, 42, 64
1, 6339, Control_c, 9, 4, 90
1, 6339, Note_on_c, 9, 42, 23
1, 6387, Note_off_c, 9, 42, 64
1, 6452, Control_c, 9, 4, 90
1, 6452, Note_on_c, 9, 42, 52
1, 6501, Note_off_c, 9, 42, 64
1, 6578, Control_c, 9, 4, 90
1, 6578, Note_on_c, 9, 42, 50
1, 6626, Note_off_c, 9, 42, 64
1, 6699, Control_c, 9, 4, 90
1, 6699, Note_on_c, 9, 42, 107
1, 6748, Note_off_c, 9, 42, 64
1, 6814, Control_c, 9, 4, 90
1, 6814, Note_on_c, 9, 42, 18
1, 6815, Note_on_c, 9, 36, 26
1, 6862, Note_off_c, 9, 42, 64
1, 6863, Note_off_c, 9, 36, 64
1, 6928, Control_c, 9, 4, 90
1, 6928, Note_on_c, 9, 42, 57
1, 6942, Note_on_c, 9, 36, 32
1, 6976, Note_off_c, 9, 42, 64
1, 6991, Note_off_c, 9, 36, 64
1, 7056, Control_c, 9, 4, 90
1, 7056, Note_on_c, 9, 42, 9
1, 7104, Note_off_c, 9, 42, 64
1, 7178, Note_on_c, 9, 38, 94
1, 7179, Control_c, 9, 4, 90
1, 7179, Note_on_c, 9, 42, 99
1, 7227, Note_off_c, 9, 38, 64
1, 7228, Note_off_c, 9, 42, 64
1, 7296, Note_on_c, 9, 36, 30
1, 7306, Control_c, 9, 4, 90
1, 7306, Note_on_c, 9, 42, 15
1, 7344, Note_off_c, 9, 36, 64
1, 7355, Note_off_c, 9, 42, 64
1, 7429, Control_c, 9, 4, 90
1, 7429, Note_on_c, 9, 42, 86
1, 7478, Note_off_c, 9, 42, 64
1, 7544, Note_on_c, 9, 36, 17
1, 7558, Control_c, 9, 4, 90
1, 7558, Note_on_c, 9, 42, 14
1, 7592, Note_off_c, 9, 36, 64
1, 7606, Note_off_c, 9, 42, 64
1, 7670, Note_on_c, 9, 36, 30
1, 7675, Control_c, 9, 4, 90
1, 7675, Note_on_c, 9, 42, 90
1, 7719, Note_off_c, 9, 36, 64
1, 7724, Note_off_c, 9, 42, 64
1, 7801, Control_c, 9, 4, 90
1, 7801, Note_on_c, 9, 42, 18
1, 7850, Note_off_c, 9, 42, 64
1, 7909, Control_c, 9, 4, 90
1, 7909, Note_on_c, 9, 42, 70
1, 7958, Note_off_c, 9, 42, 64
1, 8026, Note_on_c, 9, 36, 21
1, 8032, Control_c, 9, 4, 90
1, 8032, Note_on_c, 9, 42, 18
1, 8074, Note_off_c, 9, 36, 64
1, 8081, Note_off_c, 9, 42, 64
1, 8151, Control_c, 9, 4, 90
1, 8151, Note_on_c, 9, 42, 97
1, 8152, Note_on_c, 9, 38, 98
1, 8199, Note_off_c, 9, 42, 64
1, 8200, Note_off_c, 9, 38, 64
1, 8259, Control_c, 9, 4, 90
1, 8259, Note_on_c, 9, 42, 20
1, 8308, Note_off_c, 9, 42, 64
1, 8393, Control_c, 9, 4, 90
1, 8393, Note_on_c, 9, 42, 95
1, 8442, Note_off_c, 9, 42, 64
1, 8508, Control_c, 9, 4, 90
1, 8508, Note_on_c, 9, 42, 31
1, 8556, Note_off_c, 9, 42, 64
1, 8636, Control_c, 9, 4, 90
1, 8636, Note_on_c, 9, 42, 94
1, 8685, Note_off_c, 9, 42, 64
1, 8751, Note_on_c, 9, 36, 27
1, 8756, Control_c, 9, 4, 90
1, 8756, Note_on_c, 9, 42, 32
1, 8799, Note_off_c, 9, 36, 64
1, 8804, Note_off_c, 9, 42, 64
1, 8866, Note_on_c, 9, 36, 40
1, 8874, Control_c, 9, 4, 90
1, 8874, Note_on_c, 9, 42, 78
1, 8914, Note_off_c, 9, 36, 64
1, 8923, Note_off_c, 9, 42, 64
1, 8985, Control_c, 9, 4, 90
1, 8985, Note_on_c, 9, 42, 39
1, 9034, Note_off_c, 9, 42, 64
1, 9115, Control_c, 9, 4, 90
1, 9115, Note_on_c, 9, 42, 99
1, 9116, Note_on_c, 9, 38, 92
1, 9164, Note_off_c, 9, 38, 64
1, 9164, Note_off_c, 9, 42, 64
1, 9231, Control_c, 9, 4, 90
1, 9231, Note_on_c, 9, 36, 26
1, 9231, Note_on_c, 9, 42, 27
1, 9279, Note_off_c, 9, 36, 64
1, 9279, Note_off_c, 9, 42, 64
1, 9360, Control_c, 9, 4, 90
1, 9360, Note_on_c, 9, 42, 94
1, 9409, Note_off_c, 9, 42, 64
1, 9481, Note_on_c, 9, 36, 15
1, 9484, Control_c, 9, 4, 90
1, 9484, Note_on_c, 9, 42, 20
1, 9530, Note_off_c, 9, 36, 64
1, 9533, Note_off_c, 9, 42, 64
1, 9599, Note_on_c, 9, 36, 36
1, 9605, Control_c, 9, 4, 90
1, 9605, Note_on_c, 9, 42, 88
1, 9647, Note_off_c, 9, 36, 64
1, 9654, Note_off_c, 9, 42, 64
1, 9712, Control_c, 9, 4, 90
1, 9712, Note_on_c, 9, 42, 33
1, 9761, Note_off_c, 9, 42, 64
1, 9827, Control_c, 9, 4, 90
1, 9827, Note_on_c, 9, 42, 72
1, 9876, Note_off_c, 9, 42, 64
1, 9948, Note_on_c, 9, 36, 24
1, 9953, Control_c, 9, 4, 90
1, 9953, Note_on_c, 9, 42, 22
1, 9996, Note_off_c, 9, 36, 64
1, 10001, Note_off_c, 9, 42, 64
1, 10078, Note_on_c, 9, 38, 96
1, 10079, Control_c, 9, 4, 90
1, 10079, Note_on_c, 9, 42, 98
1, 10127, Note_off_c, 9, 38, 64
1, 10128, Note_off_c, 9, 42, 64
1, 10197, Control_c, 9, 4, 90
1, 10197, Note_on_c, 9, 42, 27
1, 10246, Note_off_c, 9, 42, 64
1, 10316, Control_c, 9, 4, 90
1, 10316, Note_on_c, 9, 42, 104
1, 10365, Note_off_c, 9, 42, 64
1, 10440, Control_c, 9, 4, 90
1, 10440, Note_on_c, 9, 42, 18
1, 10489, Note_off_c, 9, 42, 64
1, 10558, Control_c, 9, 4, 90
1, 10558, Note_on_c, 9, 42, 103
1, 10607, Note_off_c, 9, 42, 64
1, 10664, Note_on_c, 9, 36, 22
1, 10678, Control_c, 9, 4, 90
1, 10678, Note_on_c, 9, 42, 24
1, 10712, Note_off_c, 9, 36, 64
1, 10727, Note_off_c, 9, 42, 64
1, 10786, Note_on_c, 9, 36, 30
1, 10792, Control_c, 9, 4, 90
1, 10792, Note_on_c, 9, 42, 82
1, 10834, Note_off_c, 9, 36, 64
1, 10841, Note_off_c, 9, 42, 64
1, 10910, Control_c, 9, 4, 90
1, 10910, Note_on_c, 9, 42, 17
1, 10959, Note_off_c, 9, 42, 64
1, 11027, Note_on_c, 9, 38, 107
1, 11030, Control_c, 9, 4, 90
1, 11030, Note_on_c, 9, 42, 110
1, 11076, Note_off_c, 9, 38, 64
1, 11078, Note_off_c, 9, 42, 64
1, 11145, Note_on_c, 9, 36, 30
1, 11153, Control_c, 9, 4, 90
1, 11153, Note_on_c, 9, 42, 25
1, 11193, Note_off_c, 9, 36, 64
1, 11202, Note_off_c, 9, 42, 64
1, 11270, Control_c, 9, 4, 90
1, 11270, Note_on_c, 9, 42, 107
1, 11319, Note_off_c, 9, 42, 64
1, 11391, Note_on_c, 9, 36, 15
1, 11395, Control_c, 9, 4, 90
1, 11395, Note_on_c, 9, 42, 10
1, 11439, Note_off_c, 9, 36, 64
1, 11444, Note_off_c, 9, 42, 64
1, 11512, Note_on_c, 9, 36, 33
1, 11514, Control_c, 9, 4, 90
1, 11514, Note_on_c, 9, 42, 87
1, 11560, Note_off_c, 9, 36, 64
1, 11562, Note_off_c, 9, 42, 64
1, 11626, Control_c, 9, 4, 90
1, 11626, Note_on_c, 9, 42, 19
1, 11674, Note_off_c, 9, 42, 64
1, 11743, Control_c, 9, 4, 90
1, 11743, Note_on_c, 9, 42, 76
1, 11792, Note_off_c, 9, 42, 64
1, 11859, Note_on_c, 9, 36, 19
1, 11870, Control_c, 9, 4, 90
1, 11870, Note_on_c, 9, 42, 28
1, 11907, Note_off_c, 9, 36, 64
1, 11919, Note_off_c, 9, 42, 64
1, 11987, Control_c, 9, 4, 90
1, 11987, Note_on_c, 9, 42, 94
1, 11993, Note_on_c, 9, 38, 89
1, 12036, Note_off_c, 9, 42, 64
1, 12041, Note_off_c, 9, 38, 64
1, 12097, Control_c, 9, 4, 90
1, 12097, Note_on_c, 9, 42, 38
1, 12146, Note_off_c, 9, 42, 64
1, 12227, Control_c, 9, 4, 90
1, 12227, Note_on_c, 9, 42, 81
1, 12275, Note_off_c, 9, 42, 64
1, 12352, Control_c, 9, 4, 90
1, 12352, Note_on_c, 9, 42, 28
1, 12401, Note_off_c, 9, 42, 64
1, 12471, Control_c, 9, 4, 90
1, 12471, Note_on_c, 9, 42, 81
1, 12520, Note_off_c, 9, 42, 64
1, 12579, Note_on_c, 9, 36, 25
1, 12592, Control_c, 9, 4, 90
1, 12592, Note_on_c, 9, 42, 31
1, 12627, Note_off_c, 9, 36, 64
1, 12640, Note_off_c, 9, 42, 64
1, 12709, Control_c, 9, 4, 90
1, 12709, Note_on_c, 9, 42, 73
1, 12719, Note_on_c, 9, 36, 29
1, 12758, Note_off_c, 9, 42, 64
1, 12768, Note_off_c, 9, 36, 64
1, 12827, Control_c, 9, 4, 90
1, 12827, Note_on_c, 9, 42, 23
1, 12876, Note_off_c, 9, 42, 64
1, 12951, Note_on_c, 9, 38, 86
1, 12952, Control_c, 9, 4, 90
1, 12952, Note_on_c, 9, 42, 80
1, 13000, Note_off_c, 9, 38, 64
1, 13001, Note_off_c, 9, 42, 64
1, 13070, Control_c, 9, 4, 90
1, 13070, Note_on_c, 9, 36, 22
1, 13070, Note_on_c, 9, 42, 34
1, 13119, Note_off_c, 9, 36, 64
1, 13119, Note_off_c, 9, 42, 64
1, 13192, Control_c, 9, 4, 90
1, 13192, Note_on_c, 9, 42, 87
1, 13241, Note_off_c, 9, 42, 64
1, 13309, Note_on_c, 9, 36, 16
1, 13318, Control_c, 9, 4, 90
1, 13318, Note_on_c, 9, 42, 12
1, 13358, Note_off_c, 9, 36, 64
1, 13367, Note_off_c, 9, 42, 64
1, 13436, Control_c, 9, 4, 90
1, 13436, Note_on_c, 9, 42, 70
1, 13439, Note_on_c, 9, 36, 28
1, 13485, Note_off_c, 9, 42, 64
1, 13487, Note_off_c, 9, 36, 64
1, 13550, Control_c, 9, 4, 90
1, 13550, Note_on_c, 9, 42, 24
1, 13599, Note_off_c, 9, 42, 64
1, 13668, Control_c, 9, 4, 90
1, 13668, Note_on_c, 9, 42, 78
1, 13717, Note_off_c, 9, 42, 64
1, 13789, Note_on_c, 9, 36, 18
1, 13792, Control_c, 9, 4, 90
1, 13792, Note_on_c, 9, 42, 27
1, 13837, Note_off_c, 9, 36, 64
1, 13841, Note_off_c, 9, 42, 64
1, 13913, Control_c, 9, 4, 90
1, 13913, Note_on_c, 9, 42, 89
1, 13915, Note_on_c, 9, 38, 87
1, 13962, Note_off_c, 9, 42, 64
1, 13963, Note_off_c, 9, 38, 64
1, 14034, Control_c, 9, 4, 90
1, 14034, Note_on_c, 9, 42, 27
1, 14083, Note_off_c, 9, 42, 64
1, 14154, Control_c, 9, 4, 90
1, 14154, Note_on_c, 9, 42, 73
1, 14203, Note_off_c, 9, 42, 64
1, 14264, Control_c, 9, 4, 90
1, 14264, Note_on_c, 9, 42, 29
1, 14313, Note_off_c, 9, 42, 64
1, 14394, Control_c, 9, 4, 90
1, 14394, Note_on_c, 9, 42, 94
1, 14443, Note_off_c, 9, 42, 64
1, 14501, Note_on_c, 9, 36, 22
1, 14513, Control_c, 9, 4, 90
1, 14513, Note_on_c, 9, 42, 36
1, 14550, Note_off_c, 9, 36, 64
1, 14562, Note_off_c, 9, 42, 64
1, 14630, Control_c, 9, 4, 90
1, 14630, Note_on_c, 9, 42, 82
1, 14638, Note_on_c, 9, 36, 24
1, 14678, Note_off_c, 9, 42, 64
1, 14686, Note_off_c, 9, 36, 64
1, 14745, Control_c, 9, 4, 90
1, 14745, Note_on_c, 9, 42, 25
1, 14794, Note_off_c, 9, 42, 64
1, 14865, Control_c, 9, 4, 90
1, 14865, Note_on_c, 9, 42, 71
1, 14869, Note_on_c, 9, 38, 87
1, 14914, Note_off_c, 9, 42, 64
1, 14917, Note_off_c, 9, 38, 64
1, 14981, Control_c, 9, 4, 90
1, 14981, Note_on_c, 9, 42, 38
1, 15030, Note_off_c, 9, 42, 64
1, 15102, Control_c, 9, 4, 90
1, 15102, Note_on_c, 9, 42, 49
1, 15132, Control_c, 9, 4, 85
1, 15151, Note_off_c, 9, 42, 64
1, 15162, Control_c, 9, 4, 80
1, 15191, Control_c, 9, 4, 74
1, 15206, Control_c, 9, 4, 59
1, 15221, Control_c, 9, 4, 44
1, 15227, Control_c, 9, 4, 37
1, 15227, Note_on_c, 9, 46, 109
1, 15242, Control_c, 9, 4, 22
1, 15257, Control_c, 9, 4, 7
1, 15264, Control_c, 9, 4, 0
1, 15275, Note_off_c, 9, 46, 64
1, 15279, Control_c, 9, 4, 14
1, 15294, Control_c, 9, 4, 29
1, 15309, Control_c, 9, 4, 44
1, 15324, Control_c, 9, 4, 59
1, 15339, Control_c, 9, 4, 73
1, 15340, Note_on_c, 9, 44, 55
1, 15340, Note_on_c, 9, 46, 29
1, 15354, Control_c, 9, 4, 88
1, 15355, Control_c, 9, 4, 90
1, 15361, Note_on_c, 9, 36, 33
1, 15388, Note_off_c, 9, 44, 64
1, 15388, Note_off_c, 9, 46, 64
1, 15410, Note_off_c, 9, 36, 64
1, 15453, Control_c, 9, 4, 90
1, 15453, Note_on_c, 9, 42, 22
1, 15501, Note_off_c, 9, 42, 64
1, 15565, Control_c, 9, 4, 90
1, 15565, Note_on_c, 9, 42, 55
1, 15614, Note_off_c, 9, 42, 64
1, 15695, Control_c, 9, 4, 90
1, 15695, Note_on_c, 9, 42, 22
1, 15697, Note_on_c, 9, 36, 29
1, 15743, Note_off_c, 9, 42, 64
1, 15745, Note_off_c, 9, 36, 64
1, 15820, Control_c, 9, 4, 90
1, 15820, Note_on_c, 9, 42, 74
1, 15823, Note_on_c, 9, 38, 92
1, 15869, Note_off_c, 9, 42, 64
1, 15871, Note_off_c, 9, 38, 64
1, 15938, Control_c, 9, 4, 90
1, 15938, Note_on_c, 9, 42, 30
1, 15987, Note_off_c, 9, 42, 64
1, 16066, Control_c, 9, 4, 90
1, 16066, Note_on_c, 9, 42, 73
1, 16114, Note_off_c, 9, 42, 64
1, 16186, Control_c, 9, 4, 90
1, 16186, Note_on_c, 9, 42, 29
1, 16235, Note_off_c, 9, 42, 64
1, 16311, Control_c, 9, 4, 90
1, 16311, Note_on_c, 9, 42, 86
1, 16360, Note_off_c, 9, 42, 64
1, 16422, Note_on_c, 9, 36, 21
1, 16429, Control_c, 9, 4, 90
1, 16429, Note_on_c, 9, 42, 39
1, 16471, Note_off_c, 9, 36, 64
1, 16478, Note_off_c, 9, 42, 64
1, 16548, Control_c, 9, 4, 90
1, 16548, Note_on_c, 9, 42, 64
1, 16553, Note_on_c, 9, 36, 29
1, 16597, Note_off_c, 9, 42, 64
1, 16601, Note_off_c, 9, 36, 64
1, 16667, Control_c, 9, 4, 90
1, 16667, Note_on_c, 9, 42, 33
1, 16715, Note_off_c, 9, 42, 64
1, 16793, Note_on_c, 9, 38, 100
1, 16794, Control_c, 9, 4, 90
1, 16794, Note_on_c, 9, 42, 92
1, 16841, Note_off_c, 9, 38, 64
1, 16843, Note_off_c, 9, 42, 64
1, 16909, Note_on_c, 9, 36, 28
1, 16916, Control_c, 9, 4, 90
1, 16916, Note_on_c, 9, 42, 26
1, 16958, Note_off_c, 9, 36, 64
1, 16965, Note_off_c, 9, 42, 64
1, 17035, Control_c, 9, 4, 90
1, 17035, Note_on_c, 9, 42, 81
1, 17083, Note_off_c, 9, 42, 64
1, 17156, Note_on_c, 9, 36, 20
1, 17158, Control_c, 9, 4, 90
1, 17158, Note_on_c, 9, 42, 25
1, 17205, Note_off_c, 9, 36, 64
1, 17207, Note_off_c, 9, 42, 64
1, 17278, Control_c, 9, 4, 90
1, 17278, Note_on_c, 9, 42, 87
1, 17283, Note_on_c, 9, 36, 31
1, 17327, Note_off_c, 9, 42, 64
1, 17332, Note_off_c, 9, 36, 64
1, 17390, Control_c, 9, 4, 90
1, 17390, Note_on_c, 9, 42, 25
1, 17438, Note_off_c, 9, 42, 64
1, 17508, Control_c, 9, 4, 90
1, 17508, Note_on_c, 9, 42, 63
1, 17556, Note_off_c, 9, 42, 64
1, 17628, Control_c, 9, 4, 90
1, 17628, Note_on_c, 9, 42, 39
1, 17633, Note_on_c, 9, 36, 24
1, 17677, Note_off_c, 9, 42, 64
1, 17681, Note_off_c, 9, 36, 64
1, 17754, Control_c, 9, 4, 90
1, 17754, Note_on_c, 9, 38, 96
1, 17754, Note_on_c, 9, 42, 72
1, 17802, Note_off_c, 9, 38, 64
1, 17802, Note_off_c, 9, 42, 64
1, 17870, Control_c, 9, 4, 90
1, 17870, Note_on_c, 9, 42, 31
1, 17919, Note_off_c, 9, 42, 64
1, 17985, Control_c, 9, 4, 90
1, 17985, Note_on_c, 9, 42, 41
1, 18015, Control_c, 9, 4, 88
1, 18034, Note_off_c, 9, 42, 64
1, 18045, Control_c, 9, 4, 86
1, 18061, Control_c, 9, 4, 84
1, 18076, Control_c, 9, 4, 71
1, 18091, Control_c, 9, 4, 57
1, 18098, Control_c, 9, 4, 51
1, 18107, Note_on_c, 9, 46, 106
1, 18113, Control_c, 9, 4, 34
1, 18128, Control_c, 9, 4, 17
1, 18131, Control_c, 9, 4, 13
1, 18146, Control_c, 9, 4, 9
1, 18156, Note_off_c, 9, 46, 64
1, 18161, Control_c, 9, 4, 5
1, 18175, Control_c, 9, 4, 0
1, 18190, Control_c, 9, 4, 19
1, 18205, Control_c, 9, 4, 39
1, 18220, Control_c, 9, 4, 59
1, 18223, Note_on_c, 9, 46, 41
1, 18228, Note_on_c, 9, 44, 47
1, 18235, Control_c, 9, 4, 79
1, 18238, Note_on_c, 9, 36, 31
1, 18243, Control_c, 9, 4, 90
1, 18271, Note_off_c, 9, 46, 64
1, 18276, Note_off_c, 9, 44, 64
1, 18286, Note_off_c, 9, 36, 64
1, 18332, Control_c, 9, 4, 90
1, 18332, Note_on_c, 9, 42, 36
1, 18381, Note_off_c, 9, 42, 64
1, 18458, Control_c, 9, 4, 90
1, 18458, Note_on_c, 9, 42, 48
1, 18507, Note_off_c, 9, 42, 64
1, 18578, Control_c, 9, 4, 90
1, 18578, Note_on_c, 9, 42, 36
1, 18583, Note_on_c, 9, 36, 28
1, 18627, Note_off_c, 9, 42, 64
1, 18631, Note_off_c, 9, 36, 64
1, 18702, Control_c, 9, 4, 90
1, 18702, Note_on_c, 9, 38, 98
1, 18702, Note_on_c, 9, 42, 80
1, 18750, Note_off_c, 9, 38, 64
1, 18751, Note_off_c, 9, 42, 64
1, 18825, Control_c, 9, 4, 90
1, 18825, Note_on_c, 9, 42, 33
1, 18874, Note_off_c, 9, 42, 64
1, 18944, Control_c, 9, 4, 90
1, 18944, Note_on_c, 9, 42, 46
1, 18974, Control_c, 9, 4, 88
1, 18993, Note_off_c, 9, 42, 64
1, 19004, Control_c, 9, 4, 86
1, 19034, Control_c, 9, 4, 84
1, 19061, Control_c, 9, 4, 82
1, 19070, Note_on_c, 9, 46, 111
1, 19076, Control_c, 9, 4, 61
1, 19091, Control_c, 9, 4, 39
1, 19096, Control_c, 9, 4, 31
1, 19111, Control_c, 9, 4, 16
1, 19118, Note_off_c, 9, 46, 64
1, 19126, Control_c, 9, 4, 0
1, 19141, Control_c, 9, 4, 16
1, 19156, Control_c, 9, 4, 32
1, 19171, Control_c, 9, 4, 48
1, 19186, Control_c, 9, 4, 64
1, 19195, Note_on_c, 9, 44, 32
1, 19195, Note_on_c, 9, 46, 54
1, 19201, Control_c, 9, 4, 80
1, 19205, Note_on_c, 9, 36, 33
1, 19210, Control_c, 9, 4, 90
1, 19243, Note_off_c, 9, 44, 64
1, 19244, Note_off_c, 9, 46, 64
1, 19254, Note_off_c, 9, 36, 64
1, 19312, Control_c, 9, 4, 90
1, 19312, Note_on_c, 9, 42, 44
1, 19361, Note_off_c, 9, 42, 64
1, 19435, Control_c, 9, 4, 90
1, 19435, Note_on_c, 9, 42, 42
1, 19484, Note_off_c, 9, 42, 64
1, 19552, Note_on_c, 9, 36, 26
1, 19559, Control_c, 9, 4, 90
1, 19559, Note_on_c, 9, 42, 38
1, 19600, Note_off_c, 9, 36, 64
1, 19608, Note_off_c, 9, 42, 64
1, 19680, Note_on_c, 9, 38, 91
1, 19683, Control_c, 9, 4, 90
1, 19683, Note_on_c, 9, 42, 91
1, 19729, Note_off_c, 9, 38, 64
1, 19731, Note_off_c, 9, 42, 64
1, 19796, Control_c, 9, 4, 90
1, 19796, Note_on_c, 9, 42, 33
1, 19845, Note_off_c, 9, 42, 64
1, 19908, Control_c, 9, 4, 90
1, 19908, Note_on_c, 9, 42, 48
1, 19956, Note_off_c, 9, 42, 64
1, 20022, Note_on_c, 9, 36, 27
1, 20030, Control_c, 9, 4, 90
1, 20030, Note_on_c, 9, 42, 33
1, 20071, Note_off_c, 9, 36, 64
1, 20079, Note_off_c, 9, 42, 64
1, 20146, Control_c, 9, 4, 90
1, 20146, Note_on_c, 9, 42, 89
1, 20195, Note_off_c, 9, 42, 64
1, 20263, Note_on_c, 9, 36, 24
1, 20267, Control_c, 9, 4, 90
1, 20267, Note_on_c, 9, 42, 28
1, 20311, Note_off_c, 9, 36, 64
1, 20315, Note_off_c, 9, 42, 64
1, 20387, Control_c, 9, 4, 90
1, 20387, Note_on_c, 9, 42, 102
1, 20435, Note_off_c, 9, 42, 64
1, 20498, Note_on_c, 9, 36, 21
1, 20502, Control_c, 9, 4, 90
1, 20502, Note_on_c, 9, 42, 26
1, 20547, Note_off_c, 9, 36, 64
1, 20550, Note_off_c, 9, 42, 64
1, 20627, Control_c, 9, 4, 90
1, 20627, Note_on_c, 9, 38, 102
1, 20627, Note_on_c, 9, 42, 113
1, 20675, Note_off_c, 9, 38, 64
1, 20675, Note_off_c, 9, 42, 64
1, 20744, Control_c, 9, 4, 90
1, 20744, Note_on_c, 9, 42, 41
1, 20793, Note_off_c, 9, 42, 64
1, 20867, Control_c, 9, 4, 90
1, 20867, Note_on_c, 9, 42, 103
1, 20916, Note_off_c, 9, 42, 64
1, 20965, Note_on_c, 9, 36, 18
1, 20985, Control_c, 9, 4, 90
1, 20985, Note_on_c, 9, 42, 26
1, 21014, Note_off_c, 9, 36, 64
1, 21033, Note_off_c, 9, 42, 64
1, 21102, Control_c, 9, 4, 90
1, 21102, Note_on_c, 9, 22, 105
1, 21104, Note_on_c, 9, 36, 31
1, 21151, Note_off_c, 9, 22, 64
1, 21152, Note_off_c, 9, 36, 64
1, 21207, Control_c, 9, 4, 90
1, 21207, Note_on_c, 9, 42, 28
1, 21255, Note_off_c, 9, 42, 64
1, 21326, Control_c, 9, 4, 90
1, 21326, Note_on_c, 9, 42, 72
1, 21374, Note_off_c, 9, 42, 64
1, 21450, Control_c, 9, 4, 90
1, 21450, Note_on_c, 9, 42, 31
1, 21499, Note_off_c, 9, 42, 64
1, 21581, Note_on_c, 9, 37, 86
1, 21582, Control_c, 9, 4, 90
1, 21582, Note_on_c, 9, 22, 108
1, 21629, Note_off_c, 9, 37, 64
1, 21631, Note_off_c, 9, 22, 64
1, 21697, Control_c, 9, 4, 90
1, 21697, Note_on_c, 9, 42, 17
1, 21746, Note_off_c, 9, 42, 64
1, 21820, Control_c, 9, 4, 90
1, 21820, Note_on_c, 9, 42, 99
1, 21869, Note_off_c, 9, 42, 64
1, 21942, Note_on_c, 9, 36, 25
1, 21945, Control_c, 9, 4, 90
1, 21945, Note_on_c, 9, 42, 20
1, 21990, Note_off_c, 9, 36, 64
1, 21993, Note_off_c, 9, 42, 64
1, 22062, Control_c, 9, 4, 90
1, 22062, Note_on_c, 9, 42, 118
1, 22110, Note_off_c, 9, 42, 64
1, 22169, Note_on_c, 9, 36, 18
1, 22185, Control_c, 9, 4, 90
1, 22185, Note_on_c, 9, 42, 21
1, 22217, Note_off_c, 9, 36, 64
1, 22234, Note_off_c, 9, 42, 64
1, 22304, Control_c, 9, 4, 90
1, 22304, Note_on_c, 9, 42, 126
1, 22311, Note_on_c, 9, 36, 27
1, 22352, Note_off_c, 9, 42, 64
1, 22359, Note_off_c, 9, 36, 64
1, 22424, Control_c, 9, 4, 90
1, 22424, Note_on_c, 9, 42, 21
1, 22473, Note_off_c, 9, 42, 64
1, 22551, Control_c, 9, 4, 90
1, 22551, Note_on_c, 9, 42, 102
1, 22553, Note_on_c, 9, 37, 90
1, 22600, Note_off_c, 9, 42, 64
1, 22601, Note_off_c, 9, 37, 64
1, 22669, Control_c, 9, 4, 90
1, 22669, Note_on_c, 9, 42, 27
1, 22718, Note_off_c, 9, 42, 64
1, 22789, Control_c, 9, 4, 90
1, 22789, Note_on_c, 9, 42, 49
1, 22804, Control_c, 9, 4, 86
1, 22819, Control_c, 9, 4, 81
1, 22834, Control_c, 9, 4, 76
1, 22837, Note_off_c, 9, 42, 64
1, 22849, Control_c, 9, 4, 71
1, 22864, Control_c, 9, 4, 67
1, 22879, Control_c, 9, 4, 62
1, 22894, Control_c, 9, 4, 57
1, 22908, Control_c, 9, 4, 52
1, 22908, Note_on_c, 9, 46, 126
1, 22923, Control_c, 9, 4, 28
1, 22938, Control_c, 9, 4, 4
1, 22940, Control_c, 9, 4, 0
1, 22955, Control_c, 9, 4, 12
1, 22957, Note_off_c, 9, 46, 64
1, 22970, Control_c, 9, 4, 25
1, 22985, Control_c, 9, 4, 37
1, 23000, Control_c, 9, 4, 50
1, 23015, Control_c, 9, 4, 62
1, 23030, Control_c, 9, 4, 75
1, 23033, Note_on_c, 9, 44, 77
1, 23034, Note_on_c, 9, 46, 57
1, 23045, Control_c, 9, 4, 87
1, 23048, Control_c, 9, 4, 90
1, 23050, Note_on_c, 9, 36, 34
1, 23081, Note_off_c, 9, 44, 64
1, 23082, Note_off_c, 9, 46, 64
1, 23099, Note_off_c, 9, 36, 64
1, 23149, Control_c, 9, 4, 90
1, 23149, Note_on_c, 9, 42, 51
1, 23198, Note_off_c, 9, 42, 64
1, 23267, Control_c, 9, 4, 90
1, 23267, Note_on_c, 9, 42, 39
1, 23316, Note_off_c, 9, 42, 64
1, 23389, Note_on_c, 9, 36, 26
1, 23396, Control_c, 9, 4, 90
1, 23396, Note_on_c, 9, 42, 18
1, 23438, Note_off_c, 9, 36, 64
1, 23445, Note_off_c, 9, 42, 64
1, 23510, Note_on_c, 9, 38, 94
1, 23514, Control_c, 9, 4, 90
1, 23514, Note_on_c, 9, 42, 107
1, 23558, Note_off_c, 9, 38, 64
1, 23563, Note_off_c, 9, 42, 64
1, 23627, Control_c, 9, 4, 90
1, 23627, Note_on_c, 9, 42, 35
1, 23676, Note_off_c, 9, 42, 64
1, 23748, Control_c, 9, 4, 90
1, 23748, Note_on_c, 9, 42, 101
1, 23797, Note_off_c, 9, 42, 64
1, 23873, Control_c, 9, 4, 90
1, 23873, Note_on_c, 9, 42, 17
1, 23921, Note_off_c, 9, 42, 64
1, 23989, Control_c, 9, 4, 90
1, 23989, Note_on_c, 9, 42, 112
1, 24038, Note_off_c, 9, 42, 64
1, 24103, Note_on_c, 9, 36, 24
1, 24112, Control_c, 9, 4, 90
1, 24112, Note_on_c, 9, 42, 21
1, 24151, Note_off_c, 9, 36, 64
1, 24161, Note_off_c, 9, 42, 64
1, 24228, Control_c, 9, 4, 90
1, 24228, Note_on_c, 9, 42, 112
1, 24239, Note_on_c, 9, 36, 27
1, 24277, Note_off_c, 9, 42, 64
1, 24288, Note_off_c, 9, 36, 64
1, 24344, Control_c, 9, 4, 90
1, 24344, Note_on_c, 9, 42, 16
1, 24392, Note_off_c, 9, 42, 64
1, 24471, Control_c, 9, 4, 90
1, 24471, Note_on_c, 9, 42, 118
1, 24473, Note_on_c, 9, 38, 77
1, 24520, Note_off_c, 9, 42, 64
1, 24521, Note_off_c, 9, 38, 64
1, 24597, Note_on_c, 9, 36, 20
1, 24601, Control_c, 9, 4, 90
1, 24601, Note_on_c, 9, 42, 25
1, 24645, Note_off_c, 9, 36, 64
1, 24649, Note_off_c, 9, 42, 64
1, 24722, Control_c, 9, 4, 90
1, 24722, Note_on_c, 9, 42, 113
1, 24770, Note_off_c, 9, 42, 64
1, 24844, Control_c, 9, 4, 90
1, 24844, Note_on_c, 9, 42, 15
1, 24848, Note_on_c, 9, 36, 17
1, 24892, Note_off_c, 9, 42, 64
1, 24896, Note_off_c, 9, 36, 64
1, 24963, Control_c, 9, 4, 90
1, 24963, Note_on_c, 9, 42, 106
1, 24969, Note_on_c, 9, 36, 26
1, 25011, Note_off_c, 9, 42, 64
1, 25018, Note_off_c, 9, 36, 64
1, 25078, Control_c, 9, 4, 90
1, 25078, Note_on_c, 9, 42, 22
1, 25127, Note_off_c, 9, 42, 64
1, 25197, Control_c, 9, 4, 90
1, 25197, Note_on_c, 9, 42, 87
1, 25245, Note_off_c, 9, 42, 64
1, 25313, Note_on_c, 9, 36, 15
1, 25316, Control_c, 9, 4, 90
1, 25316, Note_on_c, 9, 42, 27
1, 25361, Note_off_c, 9, 36, 64
1, 25365, Note_off_c, 9, 42, 64
1, 25438, Control_c, 9, 4, 90
1, 25438, Note_on_c, 9, 42, 104
1, 25439, Note_on_c, 9, 38, 93
1, 25487, Note_off_c, 9, 42, 64
1, 25488, Note_off_c, 9, 38, 64
1, 25546, Control_c, 9, 4, 90
1, 25546, Note_on_c, 9, 42, 16
1, 25594, Note_off_c, 9, 42, 64
1, 25669, Control_c, 9, 4, 90
1, 25669, Note_on_c, 9, 42, 101
1, 25717, Note_off_c, 9, 42, 64
1, 25788, Control_c, 9, 4, 90
1, 25788, Note_on_c, 9, 42, 16
1, 25837, Note_off_c, 9, 42, 64
1, 25916, Control_c, 9, 4, 90
1, 25916, Note_on_c, 9, 42, 102
1, 25965, Note_off_c, 9, 42, 64
1, 26025, Note_on_c, 9, 36, 23
1, 26038, Control_c, 9, 4, 90
1, 26038, Note_on_c, 9, 42, 16
1, 26073, Note_off_c, 9, 36, 64
1, 26087, Note_off_c, 9, 42, 64
1, 26159, Control_c, 9, 4, 90
1, 26159, Note_on_c, 9, 42, 88
1, 26163, Note_on_c, 9, 36, 27
1, 26208, Note_off_c, 9, 42, 64
1, 26211, Note_off_c, 9, 36, 64
1, 26271, Control_c, 9, 4, 90
1, 26271, Note_on_c, 9, 42, 20
1, 26320, Note_off_c, 9, 42, 64
1, 26397, Note_on_c, 9, 40, 93
1, 26399, Control_c, 9, 4, 90
1, 26399, Note_on_c, 9, 42, 71
1, 26446, Note_off_c, 9, 40, 64
1, 26447, Note_off_c, 9, 42, 64
1, 26513, Control_c, 9, 4, 90
1, 26513, Note_on_c, 9, 42, 29
1, 26562, Note_off_c, 9, 42, 64
1, 26633, Control_c, 9, 4, 90
1, 26633, Note_on_c, 9, 42, 54
1, 26663, Control_c, 9, 4, 87
1, 26682, Note_off_c, 9, 42, 64
1, 26693, Control_c, 9, 4, 83
1, 26723, Control_c, 9, 4, 79
1, 26741, Control_c, 9, 4, 76
1, 26756, Control_c, 9, 4, 60
1, 26758, Note_on_c, 9, 46, 126
1, 26771, Control_c, 9, 4, 44
1, 26773, Control_c, 9, 4, 41
1, 26788, Control_c, 9, 4, 23
1, 26803, Control_c, 9, 4, 4
1, 26805, Control_c, 9, 4, 0
1, 26806, Note_off_c, 9, 46, 64
1, 26820, Control_c, 9, 4, 13
1, 26835, Control_c, 9, 4, 27
1, 26850, Control_c, 9, 4, 41
1, 26865, Control_c, 9, 4, 55
1, 26875, Note_on_c, 9, 46, 31
1, 26880, Control_c, 9, 4, 69
1, 26888, Note_on_c, 9, 44, 75
1, 26895, Control_c, 9, 4, 83
1, 26898, Note_on_c, 9, 36, 33
1, 26903, Control_c, 9, 4, 90
1, 26924, Note_off_c, 9, 46, 64
1, 26936, Note_off_c, 9, 44, 64
1, 26946, Note_off_c, 9, 36, 64
1, 26994, Control_c, 9, 4, 90
1, 26994, Note_on_c, 9, 42, 54
1, 27043, Note_off_c, 9, 42, 64
1, 27110, Control_c, 9, 4, 90
1, 27110, Note_on_c, 9, 42, 71
1, 27158, Note_off_c, 9, 42, 64
1, 27231, Note_on_c, 9, 36, 27
1, 27232, Control_c, 9, 4, 90
1, 27232, Note_on_c, 9, 42, 34
1, 27279, Note_off_c, 9, 36, 64
1, 27281, Note_off_c, 9, 42, 64
1, 27354, Control_c, 9, 4, 90
1, 27354, Note_on_c, 9, 40, 95
1, 27354, Note_on_c, 9, 42, 99
1, 27402, Note_off_c, 9, 40, 64
1, 27402, Note_off_c, 9, 42, 64
1, 27476, Control_c, 9, 4, 90
1, 27476, Note_on_c, 9, 42, 30
1, 27525, Note_off_c, 9, 42, 64
1, 27603, Control_c, 9, 4, 90
1, 27603, Note_on_c, 9, 42, 94
1, 27651, Note_off_c, 9, 42, 64
1, 27717, Control_c, 9, 4, 90
1, 27717, Note_on_c, 9, 42, 30
1, 27765, Note_off_c, 9, 42, 64
1, 27850, Control_c, 9, 4, 90
1, 27850, Note_on_c, 9, 42, 113
1, 27899, Note_off_c, 9, 42, 64
1, 27961, Note_on_c, 9, 36, 23
1, 27972, Control_c, 9, 4, 90
1, 27972, Note_on_c, 9, 42, 39
1, 28009, Note_off_c, 9, 36, 64
1, 28019, Note_off_c, 9, 42, 64
1, 28085, Note_on_c, 9, 36, 33
1, 28087, Control_c, 9, 4, 90
1, 28087, Note_on_c, 9, 42, 104
1, 28134, Note_off_c, 9, 36, 64
1, 28136, Note_off_c, 9, 42, 64
1, 28198, Control_c, 9, 4, 90
1, 28198, Note_on_c, 9, 42, 35
1, 28247, Note_off_c, 9, 42, 64
1, 28324, Control_c, 9, 4, 90
1, 28324, Note_on_c, 9, 22, 117
1, 28324, Note_on_c, 9, 38, 79
1, 28372, Note_off_c, 9, 22, 64
1, 28372, Note_off_c, 9, 38, 64
1, 28434, Note_on_c, 9, 36, 23
1, 28451, Control_c, 9, 4, 90
1, 28451, Note_on_c, 9, 42, 34
1, 28483, Note_off_c, 9, 36, 64
1, 28499, Note_off_c, 9, 42, 64
1, 28565, Control_c, 9, 4, 90
1, 28565, Note_on_c, 9, 42, 115
1, 28614, Note_off_c, 9, 42, 64
1, 28688, Control_c, 9, 4, 90
1, 28688, Note_on_c, 9, 42, 34
1, 28691, Note_on_c, 9, 36, 24
1, 28737, Note_off_c, 9, 42, 64
1, 28739, Note_off_c, 9, 36, 64
1, 28804, Control_c, 9, 4, 90
1, 28804, Note_on_c, 9, 42, 126
1, 28853, Note_off_c, 9, 42, 64
1, 28918, Control_c, 9, 4, 90
1, 28918, Note_on_c, 9, 42, 43
1, 28920, Note_on_c, 9, 36, 25
1, 28967, Note_off_c, 9, 42, 64
1, 28968, Note_off_c, 9, 36, 64
1, 29043, Control_c, 9, 4, 90
1, 29043, Note_on_c, 9, 42, 94
1, 29050, Note_on_c, 9, 36, 26
1, 29092, Note_off_c, 9, 42, 64
1, 29098, Note_off_c, 9, 36, 64
1, 29167, Control_c, 9, 4, 90
1, 29167, Note_on_c, 9, 42, 36
1, 29216, Note_off_c, 9, 42, 64
1, 29281, Control_c, 9, 4, 90
1, 29281, Note_on_c, 9, 42, 122
1, 29284, Note_on_c, 9, 38, 93
1, 29330, Note_off_c, 9, 42, 64
1, 29332, Note_off_c, 9, 38, 64
1, 29403, Control_c, 9, 4, 90
1, 29403, Note_on_c, 9, 42, 34
1, 29452, Note_off_c, 9, 42, 64
1, 29520, Control_c, 9, 4, 90
1, 29520, Note_on_c, 9, 42, 122
1, 29569, Note_off_c, 9, 42, 64
1, 29634, Note_on_c, 9, 36, 18
1, 29643, Control_c, 9, 4, 90
1, 29643, Note_on_c, 9, 42, 41
1, 29682, Note_off_c, 9, 36, 64
1, 29691, Note_off_c, 9, 42, 64
1, 29761, Note_on_c, 9, 36, 29
1, 29765, Control_c, 9, 4, 90
1, 29765, Note_on_c, 9, 42, 113
1, 29810, Note_off_c, 9, 36, 64
1, 29814, Note_off_c, 9, 42, 64
1, 29886, Control_c, 9, 4, 90
1, 29886, Note_on_c, 9, 42, 38
1, 29935, Note_off_c, 9, 42, 64
1, 30000, Control_c, 9, 4, 90
1, 30000, Note_on_c, 9, 42, 104
1, 30048, Note_off_c, 9, 42, 64
1, 30115, Note_on_c, 9, 36, 23
1, 30120, Control_c, 9, 4, 90
1, 30120, Note_on_c, 9, 42, 36
1, 30164, Note_off_c, 9, 36, 64
1, 30169, Note_off_c, 9, 42, 64
1, 30239, Control_c, 9, 4, 90
1, 30239, Note_on_c, 9, 38, 103
1, 30239, Note_on_c, 9, 42, 101
1, 30287, Note_off_c, 9, 42, 64
1, 30288, Note_off_c, 9, 38, 64
1, 30346, Control_c, 9, 4, 90
1, 30346, Note_on_c, 9, 42, 46
1, 30376, Control_c, 9, 4, 86
1, 30394, Note_off_c, 9, 42, 64
1, 30406, Control_c, 9, 4, 82
1, 30436, Control_c, 9, 4, 77
1, 30461, Control_c, 9, 4, 73
1, 30471, Note_on_c, 9, 26, 127
1, 30476, Control_c, 9, 4, 54
1, 30491, Control_c, 9, 4, 35
1, 30506, Control_c, 9, 4, 20
1, 30519, Note_off_c, 9, 26, 64
1, 30521, Control_c, 9, 4, 5
1, 30526, Control_c, 9, 4, 0
1, 30541, Control_c, 9, 4, 6
1, 30556, Control_c, 9, 4, 12
1, 30571, Control_c, 9, 4, 19
1, 30586, Control_c, 9, 4, 25
1, 30601, Control_c, 9, 4, 32
1, 30616, Control_c, 9, 4, 38
1, 30631, Control_c, 9, 4, 45
1, 30646, Control_c, 9, 4, 51
1, 30661, Control_c, 9, 4, 57
1, 30676, Control_c, 9, 4, 64
1, 30691, Control_c, 9, 4, 70
1, 30706, Control_c, 9, 4, 77
1, 30720, Control_c, 9, 4, 83
1, 30720, Note_on_c, 9, 44, 70
1, 30730, Note_on_c, 9, 22, 111
1, 30735, Control_c, 9, 4, 90
1, 30738, Note_on_c, 9, 36, 38
1, 30769, Note_off_c, 9, 44, 64
1, 30778, Note_off_c, 9, 22, 64
1, 30786, Note_off_c, 9, 36, 64
1, 30834, Control_c, 9, 4, 90
1, 30834, Note_on_c, 9, 42, 40
1, 30883, Note_off_c, 9, 42, 64
1, 30950, Control_c, 9, 4, 90
1, 30950, Note_on_c, 9, 42, 90
1, 30998, Note_off_c, 9, 42, 64
1, 31062, Control_c, 9, 4, 90
1, 31062, Note_on_c, 9, 42, 25
1, 31065, Note_on_c, 9, 36, 27
1, 31110, Note_off_c, 9, 42, 64
1, 31114, Note_off_c, 9, 36, 64
1, 31186, Control_c, 9, 4, 90
1, 31186, Note_on_c, 9, 38, 84
1, 31186, Note_on_c, 9, 42, 104
1, 31234, Note_off_c, 9, 38, 64
1, 31234, Note_off_c, 9, 42, 64
1, 31307, Control_c, 9, 4, 90
1, 31307, Note_on_c, 9, 42, 22
1, 31356, Note_off_c, 9, 42, 64
1, 31431, Control_c, 9, 4, 90
1, 31431, Note_on_c, 9, 42, 96
1, 31480, Note_off_c, 9, 42, 64
1, 31551, Control_c, 9, 4, 90
1, 31551, Note_on_c, 9, 42, 28
1, 31600, Note_off_c, 9, 42, 64
1, 31679, Control_c, 9, 4, 90
1, 31679, Note_on_c, 9, 42, 109
1, 31727, Note_off_c, 9, 42, 64
1, 31796, Note_on_c, 9, 36, 27
1, 31799, Control_c, 9, 4, 90
1, 31799, Note_on_c, 9, 42, 41
1, 31844, Note_off_c, 9, 36, 64
1, 31847, Note_off_c, 9, 42, 64
1, 31918, Note_on_c, 9, 36, 32
1, 31919, Control_c, 9, 4, 90
1, 31919, Note_on_c, 9, 42, 112
1, 31966, Note_off_c, 9, 36, 64
1, 31967, Note_off_c, 9, 42, 64
1, 32166, Control_c, 9, 4, 90
1, 32166, Note_on_c, 9, 38, 88
1, 32166, Note_on_c, 9, 42, 119
1, 32215, Note_off_c, 9, 38, 64
1, 32215, Note_off_c, 9, 42, 64
1, 32284, Note_on_c, 9, 36, 27
1, 32286, Control_c, 9, 4, 90
1, 32286, Note_on_c, 9, 42, 44
1, 32333, Note_off_c, 9, 36, 64
1, 32335, Note_off_c, 9, 42, 64
1, 32405, Control_c, 9, 4, 90
1, 32405, Note_on_c, 9, 42, 116
1, 32454, Note_off_c, 9, 42, 64
1, 32508, Note_on_c, 9, 36, 15
1, 32521, Control_c, 9, 4, 90
1, 32521, Note_on_c, 9, 42, 30
1, 32556, Note_off_c, 9, 36, 64
1, 32570, Note_off_c, 9, 42, 64
1, 32647, Control_c, 9, 4, 90
1, 32647, Note_on_c, 9, 42, 119
1, 32653, Note_on_c, 9, 36, 30
1, 32695, Note_off_c, 9, 42, 64
1, 32701, Note_off_c, 9, 36, 64
1, 32766, Control_c, 9, 4, 90
1, 32766, Note_on_c, 9, 42, 48
1, 32814, Note_off_c, 9, 42, 64
1, 32875, Control_c, 9, 4, 90
1, 32875, Note_on_c, 9, 42, 94
1, 32924, Note_off_c, 9, 42, 64
1, 32992, Note_on_c, 9, 36, 24
1, 33000, Control_c, 9, 4, 90
1, 33000, Note_on_c, 9, 42, 32
1, 33041, Note_off_c, 9, 36, 64
1, 33048, Note_off_c, 9, 42, 64
1, 33123, Control_c, 9, 4, 90
1, 33123, Note_on_c, 9, 38, 96
1, 33123, Note_on_c, 9, 42, 121
1, 33171, Note_off_c, 9, 38, 64
1, 33171, Note_off_c, 9, 42, 64
1, 33236, Control_c, 9, 4, 90
1, 33236, Note_on_c, 9, 42, 40
1, 33285, Note_off_c, 9, 42, 64
1, 33359, Control_c, 9, 4, 90
1, 33359, Note_on_c, 9, 42, 116
1, 33407, Note_off_c, 9, 42, 64
1, 33480, Control_c, 9, 4, 90
1, 33480, Note_on_c, 9, 42, 36
1, 33529, Note_off_c, 9, 42, 64
1, 33600, Control_c, 9, 4, 90
1, 33600, Note_on_c, 9, 42, 127
1, 33648, Note_off_c, 9, 42, 64
1, 33706, Note_on_c, 9, 36, 23
1, 33716, Control_c, 9, 4, 90
1, 33716, Note_on_c, 9, 42, 33
1, 33754, Note_off_c, 9, 36, 64
1, 33765, Note_off_c, 9, 42, 64
1, 33834, Control_c, 9, 4, 90
1, 33834, Note_on_c, 9, 42, 111
1, 33837, Note_on_c, 9, 36, 25
1, 33883, Note_off_c, 9, 42, 64
1, 33885, Note_off_c, 9, 36, 64
1, 33954, Control_c, 9, 4, 90
1, 33954, Note_on_c, 9, 42, 38
1, 34003, Note_off_c, 9, 42, 64
1, 34076, Control_c, 9, 4, 90
1, 34076, Note_on_c, 9, 42, 127
1, 34078, Note_on_c, 9, 40, 91
1, 34124, Note_off_c, 9, 42, 64
1, 34126, Note_off_c, 9, 40, 64
1, 34187, Note_on_c, 9, 36, 26
1, 34195, Control_c, 9, 4, 90
1, 34195, Note_on_c, 9, 42, 41
1, 34235, Note_off_c, 9, 36, 64
1, 34244, Note_off_c, 9, 42, 64
1, 34317, Control_c, 9, 4, 90
1, 34317, Note_on_c, 9, 42, 114
1, 34322, Note_on_c, 9, 36, 22
1, 34366, Note_off_c, 9, 42, 64
1, 34371, Note_off_c, 9, 36, 64
1, 34552, Control_c, 9, 4, 90
1, 34552, Note_on_c, 9, 42, 109
1, 34558, Note_on_c, 9, 36, 28
1, 34601, Note_off_c, 9, 42, 64
1, 34606, Note_off_c, 9, 36, 64
1, 34671, Control_c, 9, 4, 90
1, 34671, Note_on_c, 9, 42, 41
1, 34720, Note_off_c, 9, 42, 64
1, 34793, Control_c, 9, 4, 90
1, 34793, Note_on_c, 9, 42, 89
1, 34842, Note_off_c, 9, 42, 64
1, 34906, Note_on_c, 9, 36, 24
1, 34915, Control_c, 9, 4, 90
1, 34915, Note_on_c, 9, 42, 28
1, 34954, Note_off_c, 9, 36, 64
1, 34964, Note_off_c, 9, 42, 64
1, 35041, Control_c, 9, 4, 90
1, 35041, Note_on_c, 9, 42, 114
1, 35043, Note_on_c, 9, 40, 98
1, 35089, Note_off_c, 9, 42, 64
1, 35091, Note_off_c, 9, 40, 64
1, 35152, Control_c, 9, 4, 90
1, 35152, Note_on_c, 9, 42, 43
1, 35201, Note_off_c, 9, 42, 64
1, 35283, Control_c, 9, 4, 90
1, 35283, Note_on_c, 9, 42, 102
1, 35332, Note_off_c, 9, 42, 64
1, 35404, Control_c, 9, 4, 90
1, 35404, Note_on_c, 9, 42, 41
1, 35453, Note_off_c, 9, 42, 64
1, 35526, Control_c, 9, 4, 90
1, 35526, Note_on_c, 9, 42, 115
1, 35574, Note_off_c, 9, 42, 64
1, 35632, Note_on_c, 9, 36, 22
1, 35642, Control_c, 9, 4, 90
1, 35642, Note_on_c, 9, 42, 38
1, 35680, Note_off_c, 9, 36, 64
1, 35690, Note_off_c, 9, 42, 64
1, 35761, Control_c, 9, 4, 90
1, 35761, Note_on_c, 9, 42, 104
1, 35763, Note_on_c, 9, 36, 28
1, 35810, Note_off_c, 9, 42, 64
1, 35812, Note_off_c, 9, 36, 64
1, 35874, Control_c, 9, 4, 90
1, 35874, Note_on_c, 9, 42, 29
1, 35923, Note_off_c, 9, 42, 64
1, 36009, Control_c, 9, 4, 90
1, 36009, Note_on_c, 9, 42, 107
1, 36011, Note_on_c, 9, 38, 82
1, 36057, Note_off_c, 9, 42, 64
1, 36060, Note_off_c, 9, 38, 64
1, 36123, Note_on_c, 9, 36, 19
1, 36132, Control_c, 9, 4, 90
1, 36132, Note_on_c, 9, 42, 41
1, 36172, Note_off_c, 9, 36, 64
1, 36180, Note_off_c, 9, 42, 64
1, 36247, Control_c, 9, 4, 90
1, 36247, Note_on_c, 9, 42, 59
1, 36254, Note_on_c, 9, 36, 24
1, 36262, Control_c, 9, 4, 85
1, 36277, Control_c, 9, 4, 80
1, 36292, Control_c, 9, 4, 75
1, 36295, Note_off_c, 9, 42, 64
1, 36303, Note_off_c, 9, 36, 64
1, 36307, Control_c, 9, 4, 70
1, 36322, Control_c, 9, 4, 65
1, 36337, Control_c, 9, 4, 59
1, 36352, Control_c, 9, 4, 54
1, 36363, Note_on_c, 9, 26, 127
1, 36367, Control_c, 9, 4, 49
1, 36382, Control_c, 9, 4, 44
1, 36391, Control_c, 9, 4, 40
1, 36406, Control_c, 9, 4, 23
1, 36412, Note_off_c, 9, 26, 64
1, 36421, Control_c, 9, 4, 6
1, 36426, Control_c, 9, 4, 0
1, 36441, Control_c, 9, 4, 19
1, 36456, Control_c, 9, 4, 39
1, 36471, Control_c, 9, 4, 59
1, 36479, Note_on_c, 9, 44, 50
1, 36486, Control_c, 9, 4, 79
1, 36487, Note_on_c, 9, 42, 55
1, 36494, Control_c, 9, 4, 90
1, 36499, Note_on_c, 9, 36, 31
1, 36527, Note_off_c, 9, 44, 64
1, 36536, Note_off_c, 9, 42, 64
1, 36547, Note_off_c, 9, 36, 64
1, 36597, Control_c, 9, 4, 90
1, 36597, Note_on_c, 9, 42, 36
1, 36646, Note_off_c, 9, 42, 64
1, 36715, Control_c, 9, 4, 90
1, 36715, Note_on_c, 9, 42, 66
1, 36764, Note_off_c, 9, 42, 64
1, 36825, Note_on_c, 9, 36, 25
1, 36832, Control_c, 9, 4, 90
1, 36832, Note_on_c, 9, 42, 23
1, 36873, Note_off_c, 9, 36, 64
1, 36881, Note_off_c, 9, 42, 64
1, 36949, Control_c, 9, 4, 90
1, 36949, Note_on_c, 9, 38, 92
1, 36949, Note_on_c, 9, 42, 110
1, 36997, Note_off_c, 9, 38, 64
1, 36997, Note_off_c, 9, 42, 64
1, 37073, Control_c, 9, 4, 90
1, 37073, Note_on_c, 9, 42, 28
1, 37121, Note_off_c, 9, 42, 64
1, 37186, Control_c, 9, 4, 90
1, 37186, Note_on_c, 9, 42, 81
1, 37235, Note_off_c, 9, 42, 64
1, 37307, Control_c, 9, 4, 90
1, 37307, Note_on_c, 9, 42, 30
1, 37356, Note_off_c, 9, 42, 64
1, 37428, Control_c, 9, 4, 90
1, 37428, Note_on_c, 9, 42, 94
1, 37477, Note_off_c, 9, 42, 64
1, 37536, Note_on_c, 9, 36, 21
1, 37544, Control_c, 9, 4, 90
1, 37544, Note_on_c, 9, 42, 34
1, 37584, Note_off_c, 9, 36, 64
1, 37592, Note_off_c, 9, 42, 64
1, 37659, Control_c, 9, 4, 90
1, 37659, Note_on_c, 9, 42, 89
1, 37663, Note_on_c, 9, 36, 27
1, 37708, Note_off_c, 9, 42, 64
1, 37711, Note_off_c, 9, 36, 64
1, 37785, Control_c, 9, 4, 90
1, 37785, Note_on_c, 9, 42, 30
1, 37834, Note_off_c, 9, 42, 64
1, 37902, Control_c, 9, 4, 90
1, 37902, Note_on_c, 9, 37, 90
1, 37902, Note_on_c, 9, 42, 99
1, 37951, Note_off_c, 9, 37, 64
1, 37951, Note_off_c, 9, 42, 64
1, 38027, Control_c, 9, 4, 90
1, 38027, Note_on_c, 9, 42, 53
1, 38031, Note_on_c, 9, 36, 21
1, 38076, Note_off_c, 9, 42, 64
1, 38079, Note_off_c, 9, 36, 64
1, 38144, Note_on_c, 9, 36, 31
1, 38148, Control_c, 9, 4, 90
1, 38148, Note_on_c, 9, 42, 61
1, 38163, Control_c, 9, 4, 84
1, 38178, Control_c, 9, 4, 78
1, 38192, Control_c, 9, 4, 72
1, 38192, Note_off_c, 9, 36, 64
1, 38197, Note_off_c, 9, 42, 64
1, 38208, Control_c, 9, 4, 66
1, 38223, Control_c, 9, 4, 59
1, 38238, Control_c, 9, 4, 53
1, 38253, Control_c, 9, 4, 47
1, 38268, Control_c, 9, 4, 41
1, 38269, Note_on_c, 9, 38, 108
1, 38274, Note_on_c, 9, 55, 61
1, 38283, Control_c, 9, 4, 35
1, 38288, Control_c, 9, 4, 32
1, 38303, Control_c, 9, 4, 17
1, 38317, Note_off_c, 9, 38, 64
1, 38318, Control_c, 9, 4, 2
1, 38319, Control_c, 9, 4, 0
1, 38323, Note_off_c, 9, 55, 64
1, 38334, Control_c, 9, 4, 15
1, 38349, Control_c, 9, 4, 30
1, 38364, Control_c, 9, 4, 45
1, 38379, Control_c, 9, 4, 60
1, 38394, Control_c, 9, 4, 75
1, 38408, Control_c, 9, 4, 90
1, 38438, Control_c, 9, 4, 88
1, 38468, Control_c, 9, 4, 85
1, 38498, Control_c, 9, 4, 83
1, 38528, Control_c, 9, 4, 80
1, 38558, Control_c, 9, 4, 77
1, 38588, Control_c, 9, 4, 75
1, 38618, Control_c, 9, 4, 72
1, 38648, Control_c, 9, 4, 69
1, 38678, Control_c, 9, 4, 67
1, 38708, Control_c, 9, 4, 64
1, 38738, Control_c, 9, 4, 61
1, 38768, Control_c, 9, 4, 59
1, 38798, Control_c, 9, 4, 56
1, 38804, Control_c, 9, 4, 55
1, 38819, Control_c, 9, 4, 46
1, 38834, Control_c, 9, 4, 36
1, 38842, Control_c, 9, 4, 30
1, 38872, Control_c, 9, 4, 29
1, 38902, Control_c, 9, 4, 27
1, 38911, Control_c, 9, 4, 26
1, 38971, Control_c, 9, 4, 24
1, 39031, Control_c, 9, 4, 21
1, 39091, Control_c, 9, 4, 22
1, 39151, Control_c, 9, 4, 24
1, 39197, Control_c, 9, 4, 26
1, 39212, Control_c, 9, 4, 34
1, 39227, Control_c, 9, 4, 42
1, 39238, Control_c, 9, 4, 48
1, 39253, Control_c, 9, 4, 68
1, 39268, Control_c, 9, 4, 88
1, 39269, Control_c, 9, 4, 90
1, 39269, End_track
0, 0, End_of_file
